Subject,Age,Gender
T001,Y,M
T002,Y,F
T003,Y,M
T004,Y,F
T005,Y,M
T006,Y,F
T007,Y,M
T008,Y,F
T009,Y,M
T010,Y,F
T011,Y,M
T012,Y,F
T013,Y,M
T014,Y,F
T015,Y,M
T016,Y,F
T017,Y,M
T018,Y,F
T019,Y,M
T020,Y,F
T021,Y,M
T022,Y,F
T023,Y,M
T024,Y,F
T025,O,F
T026,O,M
T027,O,F
T028,O,M
T029,O,F
T031,O,F
T032,O,M
T033,O,F
T034,O,M
T035,O,F
T036,O,M
T038,O,M
T039,O,F
T040,O,M
T041,O,F
T042,O,M
T043,O,F
T044,O,M
T045,O,F
T046,O,M
T047,O,F
T050,O,M
T051,O,M
T054,O,M
T055,Y,M
T060,Y,F
T061,Y,M
T062,Y,F
T064,Y,F
T066,Y,F
T068,O,M
T073,O,F
T074,O,M
T075,O,F
T076,O,M
T077,O,F
T079,Y,F
T080,Y,F
T081,Y,M
T082,Y,M
T083,O,M
T084,O,M
T086,O,F
T088,O,M